Name,Position,Overall,PAC,SHO,PAS,DRI,DEF,PHY,WEAK FOOT,SKILL MOVES,ATT WORK RATE,DEF WORK RATE,PREFERRED FOOT,AGE,LEAGUE,TEAM,HEIGHT,WEIGHT,NATION,Pace,Acceleration,Sprint Speed,Shooting,Positioning,Finishing,Shot Power,Long Shots,Volleys,Penalties,Passing,Vision,Crossing,Free Kick Accuracy,Short Passing,Long Passing,Curve,Dribbling,Agility,Balance,Reactions,Ball Control,Composure,Defending,Interceptions,Heading Accuracy,Def Awareness,Standing Tackle,Sliding Tackle,Physicality,Jumping,Stamina,Strength,Aggression,GK Diving,GK Handling,GK Kicking,GK Positioning,GK Reflexes,Dribbling (Skill),Player Image,Country Flag,Club Logo
Kylian Mbappé,ST,91,97,90,80,92,36,78,,,High,Low,Right,25,Ligue 1 Uber Eats,Paris SG,"182CM / 6'0""FT",75KG / 165LBS,France,97,97,97,90,93,94,90,83,84,84,80,83,78,69,86,71,80,92,93,82,93,92,88,36,38,73,26,34,32,78,88,88,77,64,,,,,,93,https://media.contentapi.ea.com/content/dam/ea/easfc/fc-24/ratings/common/full/player-shields/en/231747.png.adapt.265w.png,https://images.ctfassets.net/rs6bgs1g8dbr/5Il39kdF0vuuJ1Gc18R7Ww/b982b6f565d2d59fe0dc61e5ca620092/f_18.png,https://images.ctfassets.net/rs6bgs1g8dbr/65jMMhRXpQl9A65F6kQtBe/c7b08b18574c48533c1526783bd9b601/73.png
Alexia Putellas,CM,91,82,90,91,92,72,78,,,High,Medium,Left,30,Liga F,FC Barcelona,"173CM / 5'8""FT",67KG / 148LBS,Spain,82,81,82,90,91,91,86,89,90,91,91,91,88,89,94,91,89,92,90,89,92,94,92,72,78,74,60,81,64,78,84,85,78,70,,,,,,92,https://media.contentapi.ea.com/content/dam/ea/easfc/fc-24/ratings/common/full/player-shields/en/227203.png.adapt.265w.png,https://images.ctfassets.net/rs6bgs1g8dbr/7k3VpeG3cF7mCTkCpmY6cu/ee3d0c890df33b3ad4b4d5b9cd031ba9/f_45.png,https://images.ctfassets.net/rs6bgs1g8dbr/5fXB2Aw8Wo3yHNmBwOdoKw/0b7e94d8a744acc701bdcd733783eb93/116325.png
Erling Haaland,ST,91,89,93,66,80,45,88,,,High,Medium,Left,24,Premier League,Manchester City,"195CM / 6'5""FT",94KG / 207LBS,Norway,89,82,94,93,96,96,94,86,90,84,66,74,47,62,77,53,77,80,76,72,94,82,87,45,43,83,38,47,29,88,93,76,93,87,,,,,,79,https://media.contentapi.ea.com/content/dam/ea/easfc/fc-24/ratings/common/full/player-shields/en/239085.png.adapt.265w.png,https://images.ctfassets.net/rs6bgs1g8dbr/2oqGDALzThEx7wBBMbyIqE/759a715ed2bf7146304a0736ede94430/f_36.png,https://images.ctfassets.net/rs6bgs1g8dbr/hn2H64k3KVpJ3Wqpyleus/2d33f6e09f42515c20dd2a70600a3c26/10.png
Kevin De Bruyne,CM,91,72,88,94,87,65,78,,,High,Medium,Right,33,Premier League,Manchester City,"181CM / 5'11""FT",75KG / 165LBS,Belgium,72,72,72,88,88,85,92,92,83,83,94,95,95,83,94,94,92,87,74,78,92,92,88,65,66,55,66,70,53,78,72,88,74,75,,,,,,86,https://media.contentapi.ea.com/content/dam/ea/easfc/fc-24/ratings/common/full/player-shields/en/192985.png.adapt.265w.png,https://images.ctfassets.net/rs6bgs1g8dbr/285bLwP3RuTmDmniPEqYn8/8fa66478d339a776a696563fcd3e2005/f_7.png,https://images.ctfassets.net/rs6bgs1g8dbr/hn2H64k3KVpJ3Wqpyleus/2d33f6e09f42515c20dd2a70600a3c26/10.png
Aitana Bonmatí,CM,90,81,84,83,91,75,73,,,High,High,Right,26,Liga F,FC Barcelona,"161CM / 5'3""FT",51KG / 112LBS,Spain,81,82,80,84,91,91,69,89,62,70,83,90,67,67,91,87,76,91,93,86,91,91,85,75,88,54,70,81,67,73,75,80,75,60,,,,,,91,https://media.contentapi.ea.com/content/dam/ea/easfc/fc-24/ratings/common/full/player-shields/en/241667.png.adapt.265w.png,https://images.ctfassets.net/rs6bgs1g8dbr/7k3VpeG3cF7mCTkCpmY6cu/ee3d0c890df33b3ad4b4d5b9cd031ba9/f_45.png,https://images.ctfassets.net/rs6bgs1g8dbr/5fXB2Aw8Wo3yHNmBwOdoKw/0b7e94d8a744acc701bdcd733783eb93/116325.png
Lionel Messi,CF,90,80,87,90,94,33,64,,,Low,Low,Left,37,MLS,Inter Miami CF,"169CM / 5'7""FT",67KG / 148LBS,Argentina,80,87,74,87,91,89,83,90,86,75,90,92,83,93,91,90,93,94,91,95,88,93,96,33,40,60,20,35,24,64,71,70,68,44,,,,,,96,https://media.contentapi.ea.com/content/dam/ea/easfc/fc-24/ratings/common/full/player-shields/en/158023.png.adapt.265w.png,https://images.ctfassets.net/rs6bgs1g8dbr/2WDsnQSFUeeDtN5E5VaRtQ/fd880af45fc99e56aac677d6bf583d77/f_52.png,https://images.ctfassets.net/rs6bgs1g8dbr/2nGfUPDFsqlwy414FHqI0z/6c8c6d524d4d550b758beb8767b7967c/112893.png
Sam Kerr,ST,90,85,88,74,90,42,85,,,High,High,Right,30,Barclays WSL,Chelsea,"168CM / 5'6""FT",66KG / 146LBS,Australia,85,86,84,88,92,92,85,85,92,71,74,79,70,68,78,67,76,90,90,82,89,91,91,42,24,93,44,39,30,85,95,87,88,70,,,,,,90,https://media.contentapi.ea.com/content/dam/ea/easfc/fc-24/ratings/common/full/player-shields/en/227125.png.adapt.265w.png,https://images.ctfassets.net/rs6bgs1g8dbr/1DUNR4ygnFYaycexVQIhI7/15aba36ba876956c8bc7529a36fc4fe6/f_195.png,https://images.ctfassets.net/rs6bgs1g8dbr/33PmLzL1EV1lVW7EPva6nB/9c5112bff89449a56c458e438ada0ff7/116010.png
Karim Benzema,CF,90,79,88,83,87,39,78,,,Medium,Medium,Right,36,ROSHN Saudi League,Al Ittihad,"185CM / 6'1""FT",81KG / 179LBS,France,79,78,79,88,92,91,87,81,88,85,83,90,75,73,89,76,82,87,77,72,92,91,90,39,39,90,43,24,18,78,85,82,82,63,,,,,,87,https://media.contentapi.ea.com/content/dam/ea/easfc/fc-24/ratings/common/full/player-shields/en/165153.png.adapt.265w.png,https://images.ctfassets.net/rs6bgs1g8dbr/5Il39kdF0vuuJ1Gc18R7Ww/b982b6f565d2d59fe0dc61e5ca620092/f_18.png,https://images.ctfassets.net/rs6bgs1g8dbr/32brl7qEWjOx60OUCK8XQl/35a4a59a1b0839d0aa4bdafa86a0a334/607.png
Thibaut Courtois,GK,90,85,89,76,93,46,90,,,Medium,Medium,Left,32,LALIGA EA SPORTS,Real Madrid,"199CM / 6'6""FT",96KG / 212LBS,Belgium,85,42,52,89,90,14,57,17,12,27,76,44,14,20,33,35,19,93,63,45,88,23,66,46,15,13,20,18,16,90,68,38,70,,85,89,76,90,93,13,https://media.contentapi.ea.com/content/dam/ea/easfc/fc-24/ratings/common/full/player-shields/en/192119.png.adapt.265w.png,https://images.ctfassets.net/rs6bgs1g8dbr/285bLwP3RuTmDmniPEqYn8/8fa66478d339a776a696563fcd3e2005/f_7.png,https://images.ctfassets.net/rs6bgs1g8dbr/7ji8sU96bLJDrvUG9LhZfs/79c637e0af422fec5e4d76c513fbd0dd/243.png
Harry Kane,ST,90,69,93,84,83,49,83,,,High,High,Right,31,Bundesliga,FC Bayern München,"188CM / 6'2""FT",89KG / 196LBS,England,69,67,71,93,94,95,93,87,89,92,84,87,80,65,87,88,82,83,66,73,93,87,92,49,42,89,46,46,38,83,87,83,84,80,,,,,,82,https://media.contentapi.ea.com/content/dam/ea/easfc/fc-24/ratings/common/full/player-shields/en/202126.png.adapt.265w.png,https://images.ctfassets.net/rs6bgs1g8dbr/4BVs0BAE16wJ4ihZS72xv8/5f2bab28b731170d875d4b0dd66b3664/f_14.png,https://images.ctfassets.net/rs6bgs1g8dbr/1Uh6FbAG5LLX0OdAnHi84E/ed4e33b98ac5d03b2adad5a4e2efb777/21.png
Caroline Graham Hansen,RW,90,89,86,88,90,47,75,,,High,Medium,Right,29,Liga F,FC Barcelona,"178CM / 5'10""FT",66KG / 146LBS,Norway,89,90,88,86,87,86,88,89,83,71,88,89,90,77,89,84,90,90,94,75,83,90,84,47,35,71,45,50,46,75,84,84,74,66,,,,,,93,https://media.contentapi.ea.com/content/dam/ea/easfc/fc-24/ratings/common/full/player-shields/en/227102.png.adapt.265w.png,https://images.ctfassets.net/rs6bgs1g8dbr/2oqGDALzThEx7wBBMbyIqE/759a715ed2bf7146304a0736ede94430/f_36.png,https://images.ctfassets.net/rs6bgs1g8dbr/5fXB2Aw8Wo3yHNmBwOdoKw/0b7e94d8a744acc701bdcd733783eb93/116325.png
Robert Lewandowski,ST,90,75,91,80,87,44,84,,,High,Medium,Right,36,LALIGA EA SPORTS,FC Barcelona,"185CM / 6'1""FT",81KG / 179LBS,Poland,75,76,75,91,94,93,91,84,89,90,80,81,76,85,84,70,79,87,77,83,93,90,88,44,49,91,35,42,19,84,92,76,89,81,,,,,,86,https://media.contentapi.ea.com/content/dam/ea/easfc/fc-24/ratings/common/full/player-shields/en/188545.png.adapt.265w.png,https://images.ctfassets.net/rs6bgs1g8dbr/KLzBJsJ0eQPZm4hVsZFgc/1a1b9891525684b366053c13c6c87487/f_37.png,https://images.ctfassets.net/rs6bgs1g8dbr/4OJIzFZkwqt9zviE8fTl6A/e20b4e9d5e3737b4cfcee2d7e9d03ce4/241.png
Mohamed Salah,RW,89,89,87,81,88,45,76,,,High,Medium,Left,32,Premier League,Liverpool,"175CM / 5'9""FT",71KG / 157LBS,Egypt,89,89,89,87,92,92,82,84,83,81,81,84,80,69,84,77,84,88,89,91,93,86,90,45,55,59,38,43,41,76,80,87,75,63,,,,,,88,https://media.contentapi.ea.com/content/dam/ea/easfc/fc-24/ratings/common/full/player-shields/en/209331.png.adapt.265w.png,https://images.ctfassets.net/rs6bgs1g8dbr/47n0OmC3ybbgdht5psAAkh/0036103d02613df3cfbe8bef0059ec56/f_111.png,https://images.ctfassets.net/rs6bgs1g8dbr/6jp8xRcgC9d1x3W9m5x8Nx/28a273037c4b593de110e3895be7509f/9.png
Kadidiatou Diani,RW,89,89,85,83,88,56,77,,,High,High,Right,29,D1 Arkema,OL,"168CM / 5'6""FT",64KG / 141LBS,France,89,88,90,85,91,90,79,86,74,71,83,85,84,70,87,74,74,88,89,84,87,90,84,56,55,81,46,59,49,77,86,81,84,52,,,,,,88,https://media.contentapi.ea.com/content/dam/ea/easfc/fc-24/ratings/common/full/player-shields/en/227361.png.adapt.265w.png,https://images.ctfassets.net/rs6bgs1g8dbr/5Il39kdF0vuuJ1Gc18R7Ww/b982b6f565d2d59fe0dc61e5ca620092/f_18.png,https://images.ctfassets.net/rs6bgs1g8dbr/3lUk0pUWpePXBbx97C0Nzc/c372df8c6e08ebe971dfa3dc63814c99/116033.png
Mapi León,CB,89,75,74,81,76,90,81,,,High,High,Left,29,Liga F,FC Barcelona,"169CM / 5'7""FT",59KG / 130LBS,Spain,75,73,77,74,70,65,89,87,49,64,81,56,86,88,88,90,87,76,70,86,90,82,91,90,90,83,91,91,90,81,87,75,83,84,,,,,,68,https://media.contentapi.ea.com/content/dam/ea/easfc/fc-24/ratings/common/full/player-shields/en/236479.png.adapt.265w.png,https://images.ctfassets.net/rs6bgs1g8dbr/7k3VpeG3cF7mCTkCpmY6cu/ee3d0c890df33b3ad4b4d5b9cd031ba9/f_45.png,https://images.ctfassets.net/rs6bgs1g8dbr/5fXB2Aw8Wo3yHNmBwOdoKw/0b7e94d8a744acc701bdcd733783eb93/116325.png
Rúben Dias,CB,89,62,39,66,69,89,87,,,Medium,High,Right,27,Premier League,Manchester City,"187CM / 6'2""FT",82KG / 181LBS,Portugal,62,54,69,39,39,29,74,26,32,45,66,51,54,48,83,76,46,69,60,56,89,75,81,89,86,87,91,91,87,87,84,78,90,93,,,,,,64,https://media.contentapi.ea.com/content/dam/ea/easfc/fc-24/ratings/common/full/player-shields/en/239818.png.adapt.265w.png,https://images.ctfassets.net/rs6bgs1g8dbr/2lrwEhKVgf1yqaNPErE17U/827ef25bd1820ad5c65b278a021e9d86/f_38.png,https://images.ctfassets.net/rs6bgs1g8dbr/hn2H64k3KVpJ3Wqpyleus/2d33f6e09f42515c20dd2a70600a3c26/10.png
Vini Jr.,LW,89,95,82,78,90,29,68,,,High,High,Right,24,LALIGA EA SPORTS,Real Madrid,"176CM / 5'9""FT",73KG / 161LBS,Brazil,95,95,95,82,87,89,76,80,72,65,78,81,78,62,80,77,77,90,94,84,86,90,79,29,26,50,32,25,18,68,74,84,64,58,,,,,,92,https://media.contentapi.ea.com/content/dam/ea/easfc/fc-24/ratings/common/full/player-shields/en/238794.png.adapt.265w.png,https://images.ctfassets.net/rs6bgs1g8dbr/3Rwp4RzPbtNP3FHh21UXAG/1d1cf1b849dfaeb232744c8c725d93b6/f_54.png,https://images.ctfassets.net/rs6bgs1g8dbr/7ji8sU96bLJDrvUG9LhZfs/79c637e0af422fec5e4d76c513fbd0dd/243.png
Rodri,CDM,89,58,73,80,80,85,84,,,Medium,High,Right,28,Premier League,Manchester City,"191CM / 6'3""FT",82KG / 181LBS,Spain,58,54,62,73,75,64,91,82,59,62,80,82,63,61,89,90,65,80,65,64,89,88,85,85,84,81,88,87,78,84,80,89,83,83,,,,,,79,https://media.contentapi.ea.com/content/dam/ea/easfc/fc-24/ratings/common/full/player-shields/en/231866.png.adapt.265w.png,https://images.ctfassets.net/rs6bgs1g8dbr/7k3VpeG3cF7mCTkCpmY6cu/ee3d0c890df33b3ad4b4d5b9cd031ba9/f_45.png,https://images.ctfassets.net/rs6bgs1g8dbr/hn2H64k3KVpJ3Wqpyleus/2d33f6e09f42515c20dd2a70600a3c26/10.png
Neymar Jr,LW,89,86,83,85,93,37,61,,,High,Medium,Right,32,ROSHN Saudi League,Al Hilal,"175CM / 5'9""FT",68KG / 150LBS,Brazil,86,88,85,83,86,83,79,81,86,91,85,90,83,87,85,81,88,93,93,83,88,94,93,37,37,63,35,32,29,61,72,78,51,63,,,,,,95,https://media.contentapi.ea.com/content/dam/ea/easfc/fc-24/ratings/common/full/player-shields/en/190871.png.adapt.265w.png,https://images.ctfassets.net/rs6bgs1g8dbr/3Rwp4RzPbtNP3FHh21UXAG/1d1cf1b849dfaeb232744c8c725d93b6/f_54.png,https://images.ctfassets.net/rs6bgs1g8dbr/02bPbSDxkDY1QUaq12Pum/4f448f233b5bb601ca0f490a3273a85f/605.png
Alex Morgan,ST,89,83,89,80,88,47,77,,,High,Medium,Left,35,NWSL,San Diego Wave,"168CM / 5'6""FT",62KG / 137LBS,United,83,82,84,89,90,94,90,80,83,88,80,75,71,73,89,82,68,88,83,67,82,92,91,47,46,84,41,43,39,77,90,87,81,53,,,,,,89,https://media.contentapi.ea.com/content/dam/ea/easfc/fc-24/ratings/common/full/player-shields/en/226301.png.adapt.265w.png,https://images.ctfassets.net/rs6bgs1g8dbr/5cf40Cv4RRYt6T3ArGJOR1/aec9f45e482b9e325eab179be6a66963/f_95.png,https://images.ctfassets.net/rs6bgs1g8dbr/6n77nlUFrh7dWOH4TRyPdG/8316e9c8063bb49f83a445d18c157ef8/116312.png
Marc-André ter Stegen,GK,89,86,85,89,91,47,86,,,Medium,Medium,Right,32,LALIGA EA SPORTS,FC Barcelona,"187CM / 6'2""FT",85KG / 187LBS,Germany,86,45,50,85,86,14,67,10,14,25,89,70,18,12,61,63,18,91,39,43,85,30,70,47,22,11,25,13,10,86,72,35,78,,86,85,89,86,91,21,https://media.contentapi.ea.com/content/dam/ea/easfc/fc-24/ratings/common/full/player-shields/en/192448.png.adapt.265w.png,https://images.ctfassets.net/rs6bgs1g8dbr/1A8XMv08PSnZMzpSS5oNIF/47eae37fd5132755d6e36382e6122b1c/f_21.png,https://images.ctfassets.net/rs6bgs1g8dbr/4OJIzFZkwqt9zviE8fTl6A/e20b4e9d5e3737b4cfcee2d7e9d03ce4/241.png
Virgil van Dijk,CB,89,78,60,71,72,89,86,,,Medium,High,Right,33,Premier League,Liverpool,"193CM / 6'4""FT",92KG / 203LBS,Holland,78,66,87,60,47,52,81,64,45,62,71,65,53,70,79,86,60,72,59,50,88,76,89,89,88,86,90,91,86,86,89,72,93,85,,,,,,70,https://media.contentapi.ea.com/content/dam/ea/easfc/fc-24/ratings/common/full/player-shields/en/203376.png.adapt.265w.png,https://images.ctfassets.net/rs6bgs1g8dbr/4uNbG6XOZIntXSyvoqzfAN/611b3238ff441ce8440cc7643632fa0f/f_34.png,https://images.ctfassets.net/rs6bgs1g8dbr/6jp8xRcgC9d1x3W9m5x8Nx/28a273037c4b593de110e3895be7509f/9.png
Alisson,GK,89,86,85,85,89,56,90,,,Medium,Medium,Right,31,Premier League,Liverpool,"193CM / 6'4""FT",91KG / 201LBS,Brazil,86,60,49,85,90,13,64,14,20,23,85,66,17,18,60,58,19,89,40,37,87,42,66,56,11,29,15,19,16,90,82,32,78,,86,85,85,90,89,27,https://media.contentapi.ea.com/content/dam/ea/easfc/fc-24/ratings/common/full/player-shields/en/212831.png.adapt.265w.png,https://images.ctfassets.net/rs6bgs1g8dbr/3Rwp4RzPbtNP3FHh21UXAG/1d1cf1b849dfaeb232744c8c725d93b6/f_54.png,https://images.ctfassets.net/rs6bgs1g8dbr/6jp8xRcgC9d1x3W9m5x8Nx/28a273037c4b593de110e3895be7509f/9.png
Ada Hegerberg,ST,89,75,89,77,86,39,76,,,High,Medium,Right,29,D1 Arkema,OL,"176CM / 5'9""FT",68KG / 150LBS,Norway,75,73,77,89,93,91,85,86,90,84,77,76,71,75,83,72,79,86,74,48,90,90,86,39,23,92,42,33,30,76,89,75,80,65,,,,,,90,https://media.contentapi.ea.com/content/dam/ea/easfc/fc-24/ratings/common/full/player-shields/en/227310.png.adapt.265w.png,https://images.ctfassets.net/rs6bgs1g8dbr/2oqGDALzThEx7wBBMbyIqE/759a715ed2bf7146304a0736ede94430/f_36.png,https://images.ctfassets.net/rs6bgs1g8dbr/3lUk0pUWpePXBbx97C0Nzc/c372df8c6e08ebe971dfa3dc63814c99/116033.png
Casemiro,CDM,89,63,75,79,73,89,88,,,Medium,High,Right,32,Premier League,Manchester Utd,"185CM / 6'1""FT",84KG / 185LBS,Brazil,63,60,66,75,77,69,88,81,68,66,79,79,68,74,84,85,77,73,61,65,90,79,85,89,89,84,90,89,88,88,85,88,88,91,,,,,,69,https://media.contentapi.ea.com/content/dam/ea/easfc/fc-24/ratings/common/full/player-shields/en/200145.png.adapt.265w.png,https://images.ctfassets.net/rs6bgs1g8dbr/3Rwp4RzPbtNP3FHh21UXAG/1d1cf1b849dfaeb232744c8c725d93b6/f_54.png,https://images.ctfassets.net/rs6bgs1g8dbr/77cZgiyhWVAujeOJxxHLkt/cfe1fcd96128e52be8a5a681c69e4be4/11.png
Irene Paredes,CB,88,69,51,67,68,89,80,,,Medium,High,Right,33,Liga F,FC Barcelona,"177CM / 5'10""FT",62KG / 137LBS,Spain,69,65,72,51,39,51,60,41,60,51,67,51,59,40,85,68,69,68,66,65,91,79,75,89,89,85,92,87,88,80,79,72,82,87,,,,,,57,https://media.contentapi.ea.com/content/dam/ea/easfc/fc-24/ratings/common/full/player-shields/en/227190.png.adapt.265w.png,https://images.ctfassets.net/rs6bgs1g8dbr/7k3VpeG3cF7mCTkCpmY6cu/ee3d0c890df33b3ad4b4d5b9cd031ba9/f_45.png,https://images.ctfassets.net/rs6bgs1g8dbr/5fXB2Aw8Wo3yHNmBwOdoKw/0b7e94d8a744acc701bdcd733783eb93/116325.png
Bruno Fernandes,CAM,88,71,86,90,83,69,77,,,High,High,Right,29,Premier League,Manchester Utd,"179CM / 5'10""FT",69KG / 152LBS,Portugal,71,74,68,86,88,83,88,88,87,90,90,94,87,85,90,92,86,83,78,79,91,88,82,69,66,66,69,74,65,77,73,95,66,84,,,,,,81,https://media.contentapi.ea.com/content/dam/ea/easfc/fc-24/ratings/common/full/player-shields/en/212198.png.adapt.265w.png,https://images.ctfassets.net/rs6bgs1g8dbr/2lrwEhKVgf1yqaNPErE17U/827ef25bd1820ad5c65b278a021e9d86/f_38.png,https://images.ctfassets.net/rs6bgs1g8dbr/77cZgiyhWVAujeOJxxHLkt/cfe1fcd96128e52be8a5a681c69e4be4/11.png
Wendie Renard,CB,88,53,67,69,69,91,84,,,High,Medium,Right,34,D1 Arkema,OL,"187CM / 6'2""FT",70KG / 154LBS,France,53,53,53,67,70,65,80,60,55,67,69,59,53,58,80,84,65,69,53,34,87,75,84,91,89,94,92,92,81,84,81,72,91,84,,,,,,69,https://media.contentapi.ea.com/content/dam/ea/easfc/fc-24/ratings/common/full/player-shields/en/227316.png.adapt.265w.png,https://images.ctfassets.net/rs6bgs1g8dbr/5Il39kdF0vuuJ1Gc18R7Ww/b982b6f565d2d59fe0dc61e5ca620092/f_18.png,https://images.ctfassets.net/rs6bgs1g8dbr/3lUk0pUWpePXBbx97C0Nzc/c372df8c6e08ebe971dfa3dc63814c99/116033.png
Antoine Griezmann,ST,88,80,88,87,88,58,75,,,High,High,Left,33,LALIGA EA SPORTS,Atlético de Madrid,"176CM / 5'9""FT",73KG / 161LBS,France,80,80,80,88,90,90,85,87,85,79,87,88,82,85,89,86,89,88,89,84,90,89,89,58,57,85,45,63,60,75,85,86,69,74,,,,,,88,https://media.contentapi.ea.com/content/dam/ea/easfc/fc-24/ratings/common/full/player-shields/en/194765.png.adapt.265w.png,https://images.ctfassets.net/rs6bgs1g8dbr/5Il39kdF0vuuJ1Gc18R7Ww/b982b6f565d2d59fe0dc61e5ca620092/f_18.png,https://images.ctfassets.net/rs6bgs1g8dbr/452jAa9UhkaM3gXX81Roqk/ec88e48a2b43d5e7a3fef6a38c96c16f/240.png
Victor Osimhen,ST,88,90,86,66,83,42,82,,,High,Medium,Right,25,Serie A TIM,Napoli FC,"185CM / 6'1""FT",78KG / 172LBS,Nigeria,90,87,92,86,90,91,86,77,83,75,66,70,62,52,74,54,63,83,78,68,89,86,80,42,34,84,36,45,22,82,94,81,86,68,,,,,,83,https://media.contentapi.ea.com/content/dam/ea/easfc/fc-24/ratings/common/full/player-shields/en/232293.png.adapt.265w.png,https://images.ctfassets.net/rs6bgs1g8dbr/295ony5xEfG2G4YAB0W9mW/3a27c0494c7df2afeb1fa42963186f7d/f_133.png,https://images.ctfassets.net/rs6bgs1g8dbr/40PGLIPk7e71KQC6Sl1q7H/87a8e32ef6de16632b0bf74af3b3b833/116365.png
Alexandra Popp,ST,88,73,87,76,82,52,88,,,High,High,Left,33,GPFBL,VfL Wolfsburg,"174CM / 5'9""FT",65KG / 143LBS,Germany,73,72,73,87,91,86,91,85,88,86,76,74,74,73,83,64,73,82,71,84,88,85,82,52,44,94,45,52,48,88,93,85,91,84,,,,,,81,https://media.contentapi.ea.com/content/dam/ea/easfc/fc-24/ratings/common/full/player-shields/en/226302.png.adapt.265w.png,https://images.ctfassets.net/rs6bgs1g8dbr/1A8XMv08PSnZMzpSS5oNIF/47eae37fd5132755d6e36382e6122b1c/f_21.png,https://images.ctfassets.net/rs6bgs1g8dbr/7v06RLasAF1TdPxrT5RNDx/2d905058f642a34debda6ed9b9ef2eca/115998.png
Debinha,CAM,88,84,81,87,91,46,68,,,High,Medium,Right,32,NWSL,KC Current,"155CM / 5'1""FT",52KG / 115LBS,Brazil,84,83,84,81,87,82,80,78,86,78,87,90,85,80,87,85,89,91,90,94,77,91,84,46,49,56,49,39,44,68,72,81,61,70,,,,,,93,https://media.contentapi.ea.com/content/dam/ea/easfc/fc-24/ratings/common/full/player-shields/en/226893.png.adapt.265w.png,https://images.ctfassets.net/rs6bgs1g8dbr/3Rwp4RzPbtNP3FHh21UXAG/1d1cf1b849dfaeb232744c8c725d93b6/f_54.png,https://images.ctfassets.net/rs6bgs1g8dbr/4DNIugTYJD49OwcdMCYstb/4d323ae6ede8d1251290ff893df01992/116309.png
Bernardo Silva,CM,88,69,78,86,92,70,69,,,High,High,Left,30,Premier League,Manchester City,"173CM / 5'8""FT",64KG / 141LBS,Portugal,69,78,61,78,85,78,79,79,78,68,86,87,84,67,91,82,84,92,95,92,89,91,89,70,73,54,70,76,60,69,66,93,54,78,,,,,,92,https://media.contentapi.ea.com/content/dam/ea/easfc/fc-24/ratings/common/full/player-shields/en/218667.png.adapt.265w.png,https://images.ctfassets.net/rs6bgs1g8dbr/2lrwEhKVgf1yqaNPErE17U/827ef25bd1820ad5c65b278a021e9d86/f_38.png,https://images.ctfassets.net/rs6bgs1g8dbr/hn2H64k3KVpJ3Wqpyleus/2d33f6e09f42515c20dd2a70600a3c26/10.png
Federico Valverde,CM,88,88,82,84,84,80,82,,,High,High,Right,26,LALIGA EA SPORTS,Real Madrid,"182CM / 6'0""FT",78KG / 172LBS,Uruguay,88,84,91,82,86,79,89,87,70,59,84,86,78,69,87,88,74,84,77,68,89,88,84,80,83,59,79,85,79,82,80,89,80,81,,,,,,83,https://media.contentapi.ea.com/content/dam/ea/easfc/fc-24/ratings/common/full/player-shields/en/239053.png.adapt.265w.png,https://images.ctfassets.net/rs6bgs1g8dbr/4fGYxsJVNmxNUml4L5DpGb/6ae8147d2d002a8a3db6a6100e58dd6d/f_60.png,https://images.ctfassets.net/rs6bgs1g8dbr/7ji8sU96bLJDrvUG9LhZfs/79c637e0af422fec5e4d76c513fbd0dd/243.png
Sophia Smith,ST,88,93,85,78,88,45,82,,,High,Medium,Right,24,NWSL,Portland Thorns,"164CM / 5'5""FT",58KG / 128LBS,United,93,92,93,85,88,88,84,81,80,78,78,74,73,72,86,75,74,88,84,86,89,91,74,45,43,79,41,42,39,82,92,93,82,68,,,,,,88,https://media.contentapi.ea.com/content/dam/ea/easfc/fc-24/ratings/common/full/player-shields/en/264012.png.adapt.265w.png,https://images.ctfassets.net/rs6bgs1g8dbr/5cf40Cv4RRYt6T3ArGJOR1/aec9f45e482b9e325eab179be6a66963/f_95.png,https://images.ctfassets.net/rs6bgs1g8dbr/5btE4I2vE0x2afuwvpXpwA/f21e457668d14fe5522157148f206962/116302.png
Ederson,GK,88,86,82,91,86,64,86,,,Medium,Medium,Left,31,Premier League,Manchester City,"188CM / 6'2""FT",86KG / 190LBS,Brazil,86,64,63,82,86,14,68,18,18,51,91,70,20,20,61,65,15,86,60,48,87,40,70,64,27,14,29,15,8,86,79,44,78,,86,82,91,86,86,23,https://media.contentapi.ea.com/content/dam/ea/easfc/fc-24/ratings/common/full/player-shields/en/210257.png.adapt.265w.png,https://images.ctfassets.net/rs6bgs1g8dbr/3Rwp4RzPbtNP3FHh21UXAG/1d1cf1b849dfaeb232744c8c725d93b6/f_54.png,https://images.ctfassets.net/rs6bgs1g8dbr/hn2H64k3KVpJ3Wqpyleus/2d33f6e09f42515c20dd2a70600a3c26/10.png
Guro Reiten,LW,88,88,80,86,86,60,63,,,High,Medium,Left,30,Barclays WSL,Chelsea,"167CM / 5'6""FT",60KG / 132LBS,Norway,88,86,89,80,88,82,81,82,61,69,86,87,93,80,86,82,74,86,92,89,89,86,88,60,65,50,60,60,57,63,66,92,50,58,,,,,,84,https://media.contentapi.ea.com/content/dam/ea/easfc/fc-24/ratings/common/full/player-shields/en/227323.png.adapt.265w.png,https://images.ctfassets.net/rs6bgs1g8dbr/2oqGDALzThEx7wBBMbyIqE/759a715ed2bf7146304a0736ede94430/f_36.png,https://images.ctfassets.net/rs6bgs1g8dbr/33PmLzL1EV1lVW7EPva6nB/9c5112bff89449a56c458e438ada0ff7/116010.png
Joshua Kimmich,CDM,88,70,74,88,84,82,79,,,High,Medium,Right,29,Bundesliga,FC Bayern München,"177CM / 5'10""FT",75KG / 165LBS,Germany,70,77,65,74,80,68,78,83,69,69,88,85,91,76,88,91,85,84,84,84,88,85,86,82,85,72,82,84,78,79,78,94,68,88,,,,,,82,https://media.contentapi.ea.com/content/dam/ea/easfc/fc-24/ratings/common/full/player-shields/en/212622.png.adapt.265w.png,https://images.ctfassets.net/rs6bgs1g8dbr/1A8XMv08PSnZMzpSS5oNIF/47eae37fd5132755d6e36382e6122b1c/f_21.png,https://images.ctfassets.net/rs6bgs1g8dbr/1Uh6FbAG5LLX0OdAnHi84E/ed4e33b98ac5d03b2adad5a4e2efb777/21.png
Jan Oblak,GK,88,85,90,78,87,46,86,,,Medium,Medium,Right,31,LALIGA EA SPORTS,Atlético de Madrid,"188CM / 6'2""FT",87KG / 192LBS,Slovenia,85,42,53,90,86,11,59,12,13,11,78,67,13,14,43,40,13,87,64,48,85,30,68,46,24,15,27,14,18,86,72,42,78,,85,90,78,86,87,12,https://media.contentapi.ea.com/content/dam/ea/easfc/fc-24/ratings/common/full/player-shields/en/200389.png.adapt.265w.png,https://images.ctfassets.net/rs6bgs1g8dbr/29GBdG097LzE0BZ6AvKmQq/e2c75531658f4ca40974e596e478bbaf/f_44.png,https://images.ctfassets.net/rs6bgs1g8dbr/452jAa9UhkaM3gXX81Roqk/ec88e48a2b43d5e7a3fef6a38c96c16f/240.png
Christiane Endler,GK,88,87,82,84,90,42,89,,,Medium,Medium,Left,33,D1 Arkema,OL,"183CM / 6'0""FT",73KG / 161LBS,Chile,87,46,35,82,89,15,63,17,8,13,84,69,15,11,31,35,17,90,39,42,83,22,45,42,15,13,15,11,12,89,60,35,46,,87,82,84,89,90,15,https://media.contentapi.ea.com/content/dam/ea/easfc/fc-24/ratings/common/full/player-shields/en/245956.png.adapt.250w.png,https://images.ctfassets.net/rs6bgs1g8dbr/7f4ZY2aQZO0ddqYiR2xaPK/464dc6cc912b9a932699787a3a5fc629/f_55.png,https://images.ctfassets.net/rs6bgs1g8dbr/3lUk0pUWpePXBbx97C0Nzc/c372df8c6e08ebe971dfa3dc63814c99/116033.png
Marie Katoto,ST,88,83,88,77,84,39,71,,,High,Medium,Right,25,D1 Arkema,Paris SG,"177CM / 5'10""FT",66KG / 146LBS,France,83,85,82,88,91,90,86,85,91,82,77,79,71,72,85,70,71,84,80,65,85,87,85,39,27,91,37,35,30,71,93,72,80,44,,,,,,84,https://media.contentapi.ea.com/content/dam/ea/easfc/fc-24/ratings/common/full/player-shields/en/246272.png.adapt.265w.png,https://images.ctfassets.net/rs6bgs1g8dbr/5Il39kdF0vuuJ1Gc18R7Ww/b982b6f565d2d59fe0dc61e5ca620092/f_18.png,https://images.ctfassets.net/rs6bgs1g8dbr/4r9goBnTm93zsfgczNg8tb/73db81a08853283600ce3a2fd8468b41/116034.png
Patri Guijarro,CM,88,78,82,83,86,81,72,,,High,Medium,Right,26,Liga F,FC Barcelona,"170CM / 5'7""FT",64KG / 141LBS,Spain,78,77,78,82,80,80,89,91,58,70,83,83,69,66,90,93,75,86,77,82,85,90,84,81,83,84,80,81,80,72,86,78,75,55,,,,,,86,https://media.contentapi.ea.com/content/dam/ea/easfc/fc-24/ratings/common/full/player-shields/en/237289.png.adapt.265w.png,https://images.ctfassets.net/rs6bgs1g8dbr/7k3VpeG3cF7mCTkCpmY6cu/ee3d0c890df33b3ad4b4d5b9cd031ba9/f_45.png,https://images.ctfassets.net/rs6bgs1g8dbr/5fXB2Aw8Wo3yHNmBwOdoKw/0b7e94d8a744acc701bdcd733783eb93/116325.png
Fridolina Rolfö,LB,87,82,82,82,87,83,80,,,High,High,Left,30,Liga F,FC Barcelona,"178CM / 5'10""FT",65KG / 143LBS,Sweden,82,84,81,82,84,82,85,81,81,71,82,82,82,63,90,75,74,87,77,68,87,90,81,83,83,78,83,85,80,80,86,81,91,50,,,,,,90,https://media.contentapi.ea.com/content/dam/ea/easfc/fc-24/ratings/common/full/player-shields/en/227013.png.adapt.265w.png,https://images.ctfassets.net/rs6bgs1g8dbr/7vUEmhKkNiLDphHke6I06M/8f6b05ca7c6dea978d19a05d56dfc708/f_46.png,https://images.ctfassets.net/rs6bgs1g8dbr/5fXB2Aw8Wo3yHNmBwOdoKw/0b7e94d8a744acc701bdcd733783eb93/116325.png
Luka Modrić,CM,87,72,76,89,87,72,66,,,Medium,Medium,Right,38,LALIGA EA SPORTS,Real Madrid,"172CM / 5'8""FT",66KG / 146LBS,Croatia,72,75,70,76,76,72,79,82,76,83,89,91,86,78,91,92,85,87,92,92,85,90,92,72,80,55,70,73,72,66,67,83,58,62,,,,,,84,https://media.contentapi.ea.com/content/dam/ea/easfc/fc-24/ratings/common/full/player-shields/en/177003.png.adapt.265w.png,https://images.ctfassets.net/rs6bgs1g8dbr/14fF2K15SAGhgRD8gv1hCs/4115961b1636a5aacb8b8ff0057e0688/f_10.png,https://images.ctfassets.net/rs6bgs1g8dbr/7ji8sU96bLJDrvUG9LhZfs/79c637e0af422fec5e4d76c513fbd0dd/243.png
Lucy Bronze,RB,87,73,68,80,80,85,88,,,High,High,Right,32,Liga F,FC Barcelona,"171CM / 5'7""FT",65KG / 143LBS,England,73,73,73,68,73,55,85,79,66,62,80,73,85,72,82,81,88,80,78,70,85,81,87,85,83,83,85,84,89,88,84,89,90,82,,,,,,79,https://media.contentapi.ea.com/content/dam/ea/easfc/fc-24/ratings/common/full/player-shields/en/227246.png.adapt.265w.png,https://images.ctfassets.net/rs6bgs1g8dbr/4BVs0BAE16wJ4ihZS72xv8/5f2bab28b731170d875d4b0dd66b3664/f_14.png,https://images.ctfassets.net/rs6bgs1g8dbr/5fXB2Aw8Wo3yHNmBwOdoKw/0b7e94d8a744acc701bdcd733783eb93/116325.png
Frenkie de Jong,CM,87,82,69,86,87,77,78,,,High,Medium,Right,27,LALIGA EA SPORTS,FC Barcelona,"181CM / 5'11""FT",74KG / 163LBS,Holland,82,80,83,69,77,72,68,66,70,53,86,88,78,64,91,89,84,87,87,79,88,89,90,77,82,72,76,76,77,78,82,89,74,74,,,,,,87,https://media.contentapi.ea.com/content/dam/ea/easfc/fc-24/ratings/common/full/player-shields/en/228702.png.adapt.265w.png,https://images.ctfassets.net/rs6bgs1g8dbr/4uNbG6XOZIntXSyvoqzfAN/611b3238ff441ce8440cc7643632fa0f/f_34.png,https://images.ctfassets.net/rs6bgs1g8dbr/4OJIzFZkwqt9zviE8fTl6A/e20b4e9d5e3737b4cfcee2d7e9d03ce4/241.png
Lautaro Martínez,ST,87,80,86,71,85,48,85,,,High,Medium,Right,27,Serie A TIM,Inter,"174CM / 5'9""FT",72KG / 159LBS,Argentina,80,83,77,86,90,90,85,78,91,74,71,78,58,54,75,73,78,85,86,89,88,86,86,48,45,86,55,31,44,85,93,80,84,90,,,,,,84,https://media.contentapi.ea.com/content/dam/ea/easfc/fc-24/ratings/common/full/player-shields/en/231478.png.adapt.265w.png,https://images.ctfassets.net/rs6bgs1g8dbr/2WDsnQSFUeeDtN5E5VaRtQ/fd880af45fc99e56aac677d6bf583d77/f_52.png,https://images.ctfassets.net/rs6bgs1g8dbr/3P2xBSe9ichAyoiP8uzR7t/271e45d5b480a9ec7d42200e85677d79/44.png
Beth Mead,RW,87,81,84,84,87,67,73,,,High,High,Right,29,Barclays WSL,Arsenal,"163CM / 5'4""FT",58KG / 128LBS,England,81,80,81,84,87,85,87,87,73,68,84,87,88,88,85,74,81,87,72,84,89,90,82,67,73,68,61,69,68,73,83,81,84,31,,,,,,90,https://media.contentapi.ea.com/content/dam/ea/easfc/fc-24/ratings/common/full/player-shields/en/245802.png.adapt.265w.png,https://images.ctfassets.net/rs6bgs1g8dbr/4BVs0BAE16wJ4ihZS72xv8/5f2bab28b731170d875d4b0dd66b3664/f_14.png,https://images.ctfassets.net/rs6bgs1g8dbr/2nVvSUeSYjRpb3yreQesys/ad1971121cb8ce17023425f79e42b0b9/116009.png
Ewa Pajor,ST,87,85,89,63,89,21,69,,,High,Low,Right,27,GPFBL,VfL Wolfsburg,"167CM / 5'6""FT",61KG / 134LBS,Poland,85,86,85,89,90,93,85,85,89,89,63,71,47,66,74,49,64,89,90,83,79,90,89,21,20,74,18,12,10,69,87,82,79,23,,,,,,89,https://media.contentapi.ea.com/content/dam/ea/easfc/fc-24/ratings/common/full/player-shields/en/241846.png.adapt.265w.png,https://images.ctfassets.net/rs6bgs1g8dbr/KLzBJsJ0eQPZm4hVsZFgc/1a1b9891525684b366053c13c6c87487/f_37.png,https://images.ctfassets.net/rs6bgs1g8dbr/7v06RLasAF1TdPxrT5RNDx/2d905058f642a34debda6ed9b9ef2eca/115998.png
Martin Ødegaard,CAM,87,72,81,88,87,61,64,,,High,Medium,Left,25,Premier League,Arsenal,"178CM / 5'10""FT",68KG / 150LBS,Norway,72,74,71,81,83,82,82,83,79,63,88,89,85,85,90,87,83,87,85,82,84,89,86,61,66,55,67,55,54,64,66,81,56,64,,,,,,86,https://media.contentapi.ea.com/content/dam/ea/easfc/fc-24/ratings/common/full/player-shields/en/222665.png.adapt.265w.png,https://images.ctfassets.net/rs6bgs1g8dbr/2oqGDALzThEx7wBBMbyIqE/759a715ed2bf7146304a0736ede94430/f_36.png,https://images.ctfassets.net/rs6bgs1g8dbr/RrovHfxo1AFm2Fsfl50kN/1b45151487917b5375e2698abbce260a/1.png
Mike Maignan,GK,87,85,82,87,89,51,85,,,Medium,Medium,Right,29,Serie A TIM,Milan,"191CM / 6'3""FT",89KG / 196LBS,France,85,50,53,82,85,15,65,20,16,15,87,65,18,16,65,61,38,89,41,56,85,40,68,51,25,17,23,16,19,85,75,39,78,,85,82,87,85,89,31,https://media.contentapi.ea.com/content/dam/ea/easfc/fc-24/ratings/common/full/player-shields/en/215698.png.adapt.265w.png,https://images.ctfassets.net/rs6bgs1g8dbr/5Il39kdF0vuuJ1Gc18R7Ww/b982b6f565d2d59fe0dc61e5ca620092/f_18.png,https://images.ctfassets.net/rs6bgs1g8dbr/7nRlsjHakEJMpKZxrLkdF0/da5ac4e7fe717599c433e647c7f5500e/47.png
Lena Oberdorf,CDM,87,58,61,77,76,87,89,,,Medium,Medium,Right,22,GPFBL,VfL Wolfsburg,"174CM / 5'9""FT",68KG / 150LBS,Germany,58,70,48,61,72,52,80,60,57,53,77,84,64,63,82,80,62,76,71,80,85,82,82,87,86,78,88,90,89,89,87,82,91,92,,,,,,71,https://media.contentapi.ea.com/content/dam/ea/easfc/fc-24/ratings/common/full/player-shields/en/248717.png.adapt.265w.png,https://images.ctfassets.net/rs6bgs1g8dbr/1A8XMv08PSnZMzpSS5oNIF/47eae37fd5132755d6e36382e6122b1c/f_21.png,https://images.ctfassets.net/rs6bgs1g8dbr/7v06RLasAF1TdPxrT5RNDx/2d905058f642a34debda6ed9b9ef2eca/115998.png
Lina Magull,CAM,87,81,74,84,86,57,68,,,High,Medium,Right,30,GPFBL,FC Bayern München,"166CM / 5'5""FT",54KG / 119LBS,Germany,81,84,79,74,84,72,70,79,76,72,84,90,73,78,90,83,78,86,91,89,85,91,75,57,76,56,45,60,48,68,72,85,60,65,,,,,,83,https://media.contentapi.ea.com/content/dam/ea/easfc/fc-24/ratings/common/full/player-shields/en/233837.png.adapt.265w.png,https://images.ctfassets.net/rs6bgs1g8dbr/1A8XMv08PSnZMzpSS5oNIF/47eae37fd5132755d6e36382e6122b1c/f_21.png,https://images.ctfassets.net/rs6bgs1g8dbr/3ujYoAxLD1NXbkS5aAun26/7381ac721e2c34bfb5d41112c86fb357/115995.png
Marquinhos,CB,87,78,56,75,74,89,80,,,Medium,High,Right,30,Ligue 1 Uber Eats,Paris SG,"183CM / 6'0""FT",75KG / 165LBS,Brazil,78,76,80,56,70,59,65,45,35,52,75,76,68,32,84,85,58,74,68,67,86,79,86,89,89,88,90,89,88,80,89,83,78,81,,,,,,69,https://media.contentapi.ea.com/content/dam/ea/easfc/fc-24/ratings/common/full/player-shields/en/207865.png.adapt.265w.png,https://images.ctfassets.net/rs6bgs1g8dbr/3Rwp4RzPbtNP3FHh21UXAG/1d1cf1b849dfaeb232744c8c725d93b6/f_54.png,https://images.ctfassets.net/rs6bgs1g8dbr/65jMMhRXpQl9A65F6kQtBe/c7b08b18574c48533c1526783bd9b601/73.png
Gregor Kobel,GK,87,86,84,74,89,44,85,,,Medium,Medium,Right,26,Bundesliga,Borussia Dortmund,"195CM / 6'5""FT",88KG / 194LBS,Switzerland,86,38,52,84,85,10,56,10,10,12,74,59,13,12,39,33,13,89,37,29,85,34,66,44,14,13,15,15,15,85,71,30,81,,86,84,74,85,89,24,https://media.contentapi.ea.com/content/dam/ea/easfc/fc-24/ratings/common/full/player-shields/en/235073.png.adapt.265w.png,https://images.ctfassets.net/rs6bgs1g8dbr/2s8MRlpVLTi9FNURVrPJZA/a14dfe4369d30b6ed61dbce95b7892ff/f_47.png,https://images.ctfassets.net/rs6bgs1g8dbr/GQTDDz0ijHzyTASt7DvFm/55446801ef41d55533b82c26c1d1e56f/22.png
Heung Min Son,LW,87,87,88,80,84,42,70,,,High,Medium,Right,32,Premier League,Spurs,"183CM / 6'0""FT",78KG / 172LBS,Korea,87,85,88,88,90,89,88,89,79,73,80,81,83,74,82,72,87,84,81,74,89,82,87,42,39,68,47,34,33,70,78,88,64,62,,,,,,87,https://media.contentapi.ea.com/content/dam/ea/easfc/fc-24/ratings/common/full/player-shields/en/200104.png.adapt.265w.png,https://images.ctfassets.net/rs6bgs1g8dbr/3IcFm1ClLrc9g38tLxzRq/b483ff34617754ee59cb514ef3094836/f_167.png,https://images.ctfassets.net/rs6bgs1g8dbr/27jHaCYQVBBgnrYC9OtN3S/b3f0fda4deae9e5578ccf315dc653816/18.png
Rose Lavelle,CAM,87,86,78,84,87,45,65,,,High,Medium,Left,29,NWSL,OL Reign,"163CM / 5'4""FT",56KG / 123LBS,United,86,85,86,78,85,81,74,78,68,74,84,86,74,69,91,85,72,87,80,85,84,87,79,45,48,44,41,48,45,65,65,80,58,63,,,,,,90,https://media.contentapi.ea.com/content/dam/ea/easfc/fc-24/ratings/common/full/player-shields/en/232075.png.adapt.265w.png,https://images.ctfassets.net/rs6bgs1g8dbr/5cf40Cv4RRYt6T3ArGJOR1/aec9f45e482b9e325eab179be6a66963/f_95.png,https://images.ctfassets.net/rs6bgs1g8dbr/2Tz8aeqx2vMCsh7oB9oumR/e33caadf4082745d5c8bf2de7a718e40/116300.png
Sandra Paños,GK,87,86,82,84,89,56,87,,,Medium,Medium,Right,31,Liga F,FC Barcelona,"169CM / 5'7""FT",65KG / 143LBS,Spain,86,54,58,82,87,11,63,17,17,27,84,34,16,25,23,18,22,89,54,69,82,20,56,56,19,20,22,18,14,87,72,41,64,,86,82,84,87,89,11,https://media.contentapi.ea.com/content/dam/ea/easfc/fc-24/ratings/common/full/player-shields/en/227776.png.adapt.250w.png,https://images.ctfassets.net/rs6bgs1g8dbr/7k3VpeG3cF7mCTkCpmY6cu/ee3d0c890df33b3ad4b4d5b9cd031ba9/f_45.png,https://images.ctfassets.net/rs6bgs1g8dbr/5fXB2Aw8Wo3yHNmBwOdoKw/0b7e94d8a744acc701bdcd733783eb93/116325.png
Gianluigi Donnarumma,GK,87,90,82,79,89,52,83,,,Medium,Medium,Right,25,Ligue 1 Uber Eats,Paris SG,"196CM / 6'5""FT",90KG / 198LBS,Italy,90,50,55,82,83,12,59,18,8,24,79,60,12,14,36,34,12,89,64,38,84,30,65,52,26,12,20,14,16,83,71,34,72,,90,82,79,83,89,28,https://media.contentapi.ea.com/content/dam/ea/easfc/fc-24/ratings/common/full/player-shields/en/230621.png.adapt.250w.png,https://images.ctfassets.net/rs6bgs1g8dbr/EHrJWMzTNIVkWKssiD4Oc/366d836ba975be3d6abf7d3ffdebbb3f/f_27.png,https://images.ctfassets.net/rs6bgs1g8dbr/65jMMhRXpQl9A65F6kQtBe/c7b08b18574c48533c1526783bd9b601/73.png
Manuel Neuer,GK,87,84,85,90,84,49,88,,,Medium,Medium,Right,38,Bundesliga,FC Bayern München,"193CM / 6'4""FT",93KG / 205LBS,Germany,84,48,50,85,88,13,68,16,11,47,90,70,15,11,60,68,14,84,51,35,84,46,70,49,30,25,17,10,11,88,77,43,80,,84,85,90,88,84,30,https://media.contentapi.ea.com/content/dam/ea/easfc/fc-24/ratings/common/full/player-shields/en/167495.png.adapt.265w.png,https://images.ctfassets.net/rs6bgs1g8dbr/1A8XMv08PSnZMzpSS5oNIF/47eae37fd5132755d6e36382e6122b1c/f_21.png,https://images.ctfassets.net/rs6bgs1g8dbr/1Uh6FbAG5LLX0OdAnHi84E/ed4e33b98ac5d03b2adad5a4e2efb777/21.png
Ousmane Dembélé,RW,86,93,77,81,87,36,57,,,High,Medium,Left,27,Ligue 1 Uber Eats,Paris SG,"178CM / 5'10""FT",67KG / 148LBS,France,93,94,93,77,80,75,83,76,76,75,81,83,86,64,80,76,82,87,90,81,80,87,81,36,36,43,42,30,33,57,65,68,52,54,,,,,,89,https://media.contentapi.ea.com/content/dam/ea/easfc/fc-24/ratings/common/full/player-shields/en/231443.png.adapt.265w.png,https://images.ctfassets.net/rs6bgs1g8dbr/5Il39kdF0vuuJ1Gc18R7Ww/b982b6f565d2d59fe0dc61e5ca620092/f_18.png,https://images.ctfassets.net/rs6bgs1g8dbr/65jMMhRXpQl9A65F6kQtBe/c7b08b18574c48533c1526783bd9b601/73.png
Selma Bacha,LB,86,87,72,84,82,79,78,,,High,High,Left,23,D1 Arkema,OL,"161CM / 5'3""FT",58KG / 128LBS,France,87,92,83,72,80,65,92,72,49,60,84,79,92,70,87,77,88,82,94,87,77,81,84,79,80,58,76,84,87,78,79,91,71,78,,,,,,80,https://media.contentapi.ea.com/content/dam/ea/easfc/fc-24/ratings/common/full/player-shields/en/265674.png.adapt.265w.png,https://images.ctfassets.net/rs6bgs1g8dbr/5Il39kdF0vuuJ1Gc18R7Ww/b982b6f565d2d59fe0dc61e5ca620092/f_18.png,https://images.ctfassets.net/rs6bgs1g8dbr/3lUk0pUWpePXBbx97C0Nzc/c372df8c6e08ebe971dfa3dc63814c99/116033.png
Mary Earps,GK,86,83,83,83,85,41,85,,,Medium,Medium,Right,31,Barclays WSL,Manchester Utd,"173CM / 5'8""FT",68KG / 150LBS,England,83,44,36,83,85,10,62,13,12,26,83,68,13,12,31,29,14,85,29,40,86,20,35,41,14,7,11,15,14,85,64,38,63,,83,83,83,85,85,12,https://media.contentapi.ea.com/content/dam/ea/easfc/fc-24/ratings/common/full/player-shields/en/247504.png.adapt.265w.png,https://images.ctfassets.net/rs6bgs1g8dbr/4BVs0BAE16wJ4ihZS72xv8/5f2bab28b731170d875d4b0dd66b3664/f_14.png,https://images.ctfassets.net/rs6bgs1g8dbr/7AkTZluArX2hgzhz9ahcud/23f92eaac9efe6305a8f5b994dab178e/116012.png
Bukayo Saka,RW,86,85,81,79,87,60,70,,,High,Medium,Left,22,Premier League,Arsenal,"178CM / 5'10""FT",65KG / 143LBS,England,85,88,82,81,82,83,78,79,79,82,79,83,83,69,81,69,81,87,85,86,85,87,80,60,62,45,60,62,60,70,70,84,63,68,,,,,,89,https://media.contentapi.ea.com/content/dam/ea/easfc/fc-24/ratings/common/full/player-shields/en/246669.png.adapt.265w.png,https://images.ctfassets.net/rs6bgs1g8dbr/4BVs0BAE16wJ4ihZS72xv8/5f2bab28b731170d875d4b0dd66b3664/f_14.png,https://images.ctfassets.net/rs6bgs1g8dbr/RrovHfxo1AFm2Fsfl50kN/1b45151487917b5375e2698abbce260a/1.png
Jude Bellingham,CM,86,76,75,79,85,78,82,,,High,High,Right,21,LALIGA EA SPORTS,Real Madrid,"186CM / 6'1""FT",75KG / 165LBS,England,76,77,75,75,79,77,78,74,71,57,79,84,66,49,87,86,73,85,81,79,86,85,81,78,82,69,77,79,77,82,79,93,75,85,,,,,,86,https://media.contentapi.ea.com/content/dam/ea/easfc/fc-24/ratings/common/full/player-shields/en/252371.png.adapt.265w.png,https://images.ctfassets.net/rs6bgs1g8dbr/4BVs0BAE16wJ4ihZS72xv8/5f2bab28b731170d875d4b0dd66b3664/f_14.png,https://images.ctfassets.net/rs6bgs1g8dbr/7ji8sU96bLJDrvUG9LhZfs/79c637e0af422fec5e4d76c513fbd0dd/243.png
Rafael Leão,LW,86,93,80,75,87,27,76,,,Medium,Low,Right,25,Serie A TIM,Milan,"188CM / 6'2""FT",81KG / 179LBS,Portugal,93,93,93,80,84,84,80,74,74,63,75,75,78,60,80,63,80,87,85,80,84,87,83,27,24,65,22,24,21,76,85,77,80,60,,,,,,89,https://media.contentapi.ea.com/content/dam/ea/easfc/fc-24/ratings/common/full/player-shields/en/241721.png.adapt.265w.png,https://images.ctfassets.net/rs6bgs1g8dbr/2lrwEhKVgf1yqaNPErE17U/827ef25bd1820ad5c65b278a021e9d86/f_38.png,https://images.ctfassets.net/rs6bgs1g8dbr/7nRlsjHakEJMpKZxrLkdF0/da5ac4e7fe717599c433e647c7f5500e/47.png
Pedri,CM,86,78,69,82,88,70,74,,,High,High,Right,21,LALIGA EA SPORTS,FC Barcelona,"174CM / 5'9""FT",60KG / 132LBS,Spain,78,81,76,69,79,72,68,68,56,53,82,88,68,62,88,86,79,88,88,90,87,88,87,70,73,50,68,77,65,74,73,87,73,62,,,,,,87,https://media.contentapi.ea.com/content/dam/ea/easfc/fc-24/ratings/common/full/player-shields/en/251854.png.adapt.265w.png,https://images.ctfassets.net/rs6bgs1g8dbr/7k3VpeG3cF7mCTkCpmY6cu/ee3d0c890df33b3ad4b4d5b9cd031ba9/f_45.png,https://images.ctfassets.net/rs6bgs1g8dbr/4OJIzFZkwqt9zviE8fTl6A/e20b4e9d5e3737b4cfcee2d7e9d03ce4/241.png
Lauren Hemp,LW,86,90,76,84,87,63,68,,,High,High,Left,24,Barclays WSL,Manchester City,"164CM / 5'5""FT",59KG / 130LBS,England,90,90,90,76,83,76,83,70,69,68,84,83,92,80,81,79,86,87,90,91,86,88,70,63,69,63,56,69,57,68,76,88,60,59,,,,,,87,https://media.contentapi.ea.com/content/dam/ea/easfc/fc-24/ratings/common/full/player-shields/en/257008.png.adapt.265w.png,https://images.ctfassets.net/rs6bgs1g8dbr/4BVs0BAE16wJ4ihZS72xv8/5f2bab28b731170d875d4b0dd66b3664/f_14.png,https://images.ctfassets.net/rs6bgs1g8dbr/1jvffbZxBKNqAaDMGf80Rm/e9c1794885ea8e5a7dfd33e493fa0617/116017.png
Matthijs de Ligt,CB,86,66,61,64,68,85,86,,,Medium,High,Right,25,Bundesliga,FC Bayern München,"189CM / 6'2""FT",89KG / 196LBS,Holland,66,62,70,61,44,50,84,75,45,40,64,45,52,55,79,78,48,68,53,62,85,73,82,85,82,85,87,85,88,86,88,75,91,86,,,,,,65,https://media.contentapi.ea.com/content/dam/ea/easfc/fc-24/ratings/common/full/player-shields/en/235243.png.adapt.265w.png,https://images.ctfassets.net/rs6bgs1g8dbr/4uNbG6XOZIntXSyvoqzfAN/611b3238ff441ce8440cc7643632fa0f/f_34.png,https://images.ctfassets.net/rs6bgs1g8dbr/1Uh6FbAG5LLX0OdAnHi84E/ed4e33b98ac5d03b2adad5a4e2efb777/21.png
Sandro Tonali,CDM,86,84,74,81,81,82,84,,,Medium,High,Right,24,Premier League,Newcastle Utd,"181CM / 5'11""FT",79KG / 174LBS,Italy,84,81,86,74,75,69,82,83,68,64,81,79,78,81,85,83,75,81,81,83,83,85,84,82,84,70,83,84,81,84,84,86,82,84,,,,,,78,https://media.contentapi.ea.com/content/dam/ea/easfc/fc-24/ratings/common/full/player-shields/en/241096.png.adapt.265w.png,https://images.ctfassets.net/rs6bgs1g8dbr/EHrJWMzTNIVkWKssiD4Oc/366d836ba975be3d6abf7d3ffdebbb3f/f_27.png,https://images.ctfassets.net/rs6bgs1g8dbr/3owxOhrktlKmPKAGZw3bxu/8878cf46de2cf24e1b4bfcfb2c4b695a/13.png
Riyad Mahrez,RM,86,79,81,81,89,38,60,,,Medium,Medium,Left,33,ROSHN Saudi League,Al Ahli,"179CM / 5'10""FT",67KG / 148LBS,Algeria,79,84,75,81,84,81,82,82,76,73,81,84,80,80,83,75,85,89,91,88,84,91,81,38,39,56,45,31,22,60,71,75,57,48,,,,,,89,https://media.contentapi.ea.com/content/dam/ea/easfc/fc-24/ratings/common/full/player-shields/en/204485.png.adapt.265w.png,https://images.ctfassets.net/rs6bgs1g8dbr/upLf2W4ZmMbG82nBY8MYx/46eed0086e8236748e71cd182f288628/f_97.png,https://images.ctfassets.net/rs6bgs1g8dbr/4UWJkwke55Yti7X5vE1eyg/f2eafbc97eeca6b5f6b8109bd9bb6ca1/112387.png
Grace Geyoro,CM,86,77,72,82,82,83,78,,,High,High,Right,27,D1 Arkema,Paris SG,"168CM / 5'6""FT",61KG / 134LBS,France,77,82,73,72,80,75,74,71,52,59,82,83,70,65,89,86,72,82,74,79,87,86,79,83,88,64,80,90,80,78,79,93,74,71,,,,,,82,https://media.contentapi.ea.com/content/dam/ea/easfc/fc-24/ratings/common/full/player-shields/en/237197.png.adapt.265w.png,https://images.ctfassets.net/rs6bgs1g8dbr/5Il39kdF0vuuJ1Gc18R7Ww/b982b6f565d2d59fe0dc61e5ca620092/f_18.png,https://images.ctfassets.net/rs6bgs1g8dbr/4r9goBnTm93zsfgczNg8tb/73db81a08853283600ce3a2fd8468b41/116034.png
Jamal Musiala,CAM,86,85,75,76,91,63,61,,,Medium,Medium,Right,21,Bundesliga,FC Bayern München,"184CM / 6'0""FT",72KG / 159LBS,Germany,85,84,86,75,81,79,73,75,70,55,76,82,67,51,82,77,69,91,93,92,86,89,84,63,65,49,64,63,68,61,65,78,53,59,,,,,,94,https://media.contentapi.ea.com/content/dam/ea/easfc/fc-24/ratings/common/full/player-shields/en/256790.png.adapt.265w.png,https://images.ctfassets.net/rs6bgs1g8dbr/1A8XMv08PSnZMzpSS5oNIF/47eae37fd5132755d6e36382e6122b1c/f_21.png,https://images.ctfassets.net/rs6bgs1g8dbr/1Uh6FbAG5LLX0OdAnHi84E/ed4e33b98ac5d03b2adad5a4e2efb777/21.png
Nicolò Barella,CM,86,78,78,82,85,78,80,,,High,High,Right,27,Serie A TIM,Inter,"175CM / 5'9""FT",68KG / 150LBS,Italy,78,79,78,78,83,78,77,79,80,73,82,83,79,67,86,83,79,85,90,90,89,87,86,78,83,53,80,79,81,80,73,94,73,84,,,,,,81,https://media.contentapi.ea.com/content/dam/ea/easfc/fc-24/ratings/common/full/player-shields/en/224232.png.adapt.265w.png,https://images.ctfassets.net/rs6bgs1g8dbr/EHrJWMzTNIVkWKssiD4Oc/366d836ba975be3d6abf7d3ffdebbb3f/f_27.png,https://images.ctfassets.net/rs6bgs1g8dbr/3P2xBSe9ichAyoiP8uzR7t/271e45d5b480a9ec7d42200e85677d79/44.png
Jill Roord,CAM,86,77,84,84,85,52,73,,,High,Medium,Right,27,Barclays WSL,Manchester City,"175CM / 5'9""FT",63KG / 139LBS,Holland,77,78,76,84,86,82,86,90,80,74,84,87,78,80,87,82,81,85,80,75,87,87,82,52,57,59,59,46,34,73,80,76,83,44,,,,,,85,https://media.contentapi.ea.com/content/dam/ea/easfc/fc-24/ratings/common/full/player-shields/en/240714.png.adapt.265w.png,https://images.ctfassets.net/rs6bgs1g8dbr/4uNbG6XOZIntXSyvoqzfAN/611b3238ff441ce8440cc7643632fa0f/f_34.png,https://images.ctfassets.net/rs6bgs1g8dbr/1jvffbZxBKNqAaDMGf80Rm/e9c1794885ea8e5a7dfd33e493fa0617/116017.png
Ronald Araujo,CB,86,79,51,65,62,86,84,,,Medium,High,Right,25,LALIGA EA SPORTS,FC Barcelona,"188CM / 6'2""FT",79KG / 174LBS,Uruguay,79,71,85,51,56,56,61,35,38,43,65,59,58,45,76,66,47,62,56,55,84,68,76,86,85,85,86,86,86,84,90,73,87,87,,,,,,55,https://media.contentapi.ea.com/content/dam/ea/easfc/fc-24/ratings/common/full/player-shields/en/253163.png.adapt.265w.png,https://images.ctfassets.net/rs6bgs1g8dbr/4fGYxsJVNmxNUml4L5DpGb/6ae8147d2d002a8a3db6a6100e58dd6d/f_60.png,https://images.ctfassets.net/rs6bgs1g8dbr/4OJIzFZkwqt9zviE8fTl6A/e20b4e9d5e3737b4cfcee2d7e9d03ce4/241.png
Paulo Dybala,CF,86,80,85,85,90,40,60,,,High,Low,Left,30,Serie A TIM,Roma FC,"177CM / 5'10""FT",75KG / 165LBS,Argentina,80,84,76,85,82,83,84,89,90,87,85,91,82,88,86,79,89,90,88,90,79,93,79,40,42,58,32,41,39,60,73,72,60,43,,,,,,90,https://media.contentapi.ea.com/content/dam/ea/easfc/fc-24/ratings/common/full/player-shields/en/211110.png.adapt.265w.png,https://images.ctfassets.net/rs6bgs1g8dbr/2WDsnQSFUeeDtN5E5VaRtQ/fd880af45fc99e56aac677d6bf583d77/f_52.png,https://images.ctfassets.net/rs6bgs1g8dbr/6fghPzAMps83NDeTwdPRkw/be386fcf63186c7a7a9733e4bda73e67/114912.png
İlkay Gündoğan,CM,86,62,81,84,86,72,73,,,High,Medium,Right,33,LALIGA EA SPORTS,FC Barcelona,"180CM / 5'11""FT",80KG / 176LBS,Germany,62,65,60,81,84,82,79,80,75,80,84,86,77,80,88,84,86,86,77,77,86,91,87,72,75,50,77,75,67,73,67,75,73,70,,,,,,86,https://media.contentapi.ea.com/content/dam/ea/easfc/fc-24/ratings/common/full/player-shields/en/186942.png.adapt.265w.png,https://images.ctfassets.net/rs6bgs1g8dbr/1A8XMv08PSnZMzpSS5oNIF/47eae37fd5132755d6e36382e6122b1c/f_21.png,https://images.ctfassets.net/rs6bgs1g8dbr/4OJIzFZkwqt9zviE8fTl6A/e20b4e9d5e3737b4cfcee2d7e9d03ce4/241.png
Vivianne Miedema,ST,86,82,85,70,86,32,81,,,High,Medium,Right,28,Barclays WSL,Arsenal,"178CM / 5'10""FT",65KG / 143LBS,Holland,82,84,80,85,89,85,86,84,83,75,70,69,64,73,79,56,76,86,80,73,87,89,90,32,27,82,22,30,23,81,92,83,84,70,,,,,,87,https://media.contentapi.ea.com/content/dam/ea/easfc/fc-24/ratings/common/full/player-shields/en/233746.png.adapt.265w.png,https://images.ctfassets.net/rs6bgs1g8dbr/4uNbG6XOZIntXSyvoqzfAN/611b3238ff441ce8440cc7643632fa0f/f_34.png,https://images.ctfassets.net/rs6bgs1g8dbr/2nVvSUeSYjRpb3yreQesys/ad1971121cb8ce17023425f79e42b0b9/116009.png
Sergej Milinković-Savić,CM,86,68,80,82,82,79,86,,,High,Medium,Right,29,ROSHN Saudi League,Al Hilal,"192CM / 6'4""FT",95KG / 209LBS,Serbia,68,66,70,80,82,82,83,81,74,59,82,83,71,78,86,86,81,82,62,63,84,87,84,79,79,86,78,79,74,86,88,91,87,79,,,,,,85,https://media.contentapi.ea.com/content/dam/ea/easfc/fc-24/ratings/common/full/player-shields/en/223848.png.adapt.265w.png,https://images.ctfassets.net/rs6bgs1g8dbr/2FEGjkYVxKR5rKjPaAEmOS/15cdaa7df795b3ed40e120fa84b11cab/f_51.png,https://images.ctfassets.net/rs6bgs1g8dbr/02bPbSDxkDY1QUaq12Pum/4f448f233b5bb601ca0f490a3273a85f/605.png
Khvicha Kvaratskhelia,LW,86,84,80,81,87,41,71,,,Medium,Medium,Right,23,Serie A TIM,Napoli FC,"183CM / 6'0""FT",70KG / 154LBS,Georgia,84,83,84,80,84,82,78,83,64,65,81,86,78,65,83,76,82,87,85,73,84,88,82,41,40,62,38,39,34,71,77,79,70,62,,,,,,89,https://media.contentapi.ea.com/content/dam/ea/easfc/fc-24/ratings/common/full/player-shields/en/247635.png.adapt.265w.png,https://images.ctfassets.net/rs6bgs1g8dbr/3ihUb81UFfinWvIolyQwUe/6880637cda44d96f510b30dfd13225fe/f_20.png,https://images.ctfassets.net/rs6bgs1g8dbr/40PGLIPk7e71KQC6Sl1q7H/87a8e32ef6de16632b0bf74af3b3b833/116365.png
Andrew Robertson,LB,86,80,61,82,81,81,77,,,High,High,Left,30,Premier League,Liverpool,"178CM / 5'10""FT",64KG / 141LBS,Scotland,80,82,78,61,80,55,76,65,32,55,82,82,87,71,82,76,82,81,75,74,85,83,83,81,83,67,82,83,81,77,77,95,65,85,,,,,,81,https://media.contentapi.ea.com/content/dam/ea/easfc/fc-24/ratings/common/full/player-shields/en/216267.png.adapt.265w.png,https://images.ctfassets.net/rs6bgs1g8dbr/7eFwNyL2kYdVCHj8wqEySc/26c7e6057100962e21ec2866af986f20/f_42.png,https://images.ctfassets.net/rs6bgs1g8dbr/6jp8xRcgC9d1x3W9m5x8Nx/28a273037c4b593de110e3895be7509f/9.png
Parejo,CM,86,49,83,90,80,73,69,,,Medium,Medium,Right,35,LALIGA EA SPORTS,Villarreal CF,"182CM / 6'0""FT",74KG / 163LBS,Spain,49,53,46,83,81,83,81,88,72,88,90,90,86,91,92,90,88,80,62,72,79,86,85,73,80,61,72,73,71,69,66,75,70,59,,,,,,81,https://media.contentapi.ea.com/content/dam/ea/easfc/fc-24/ratings/common/full/player-shields/en/189513.png.adapt.265w.png,https://images.ctfassets.net/rs6bgs1g8dbr/7k3VpeG3cF7mCTkCpmY6cu/ee3d0c890df33b3ad4b4d5b9cd031ba9/f_45.png,https://images.ctfassets.net/rs6bgs1g8dbr/3y3OGbu5WclNna6ZHH7ADb/ef5b5a20dc35437e1e9232064b8b0ed0/483.png
Sakina Karchaoui,LB,86,89,61,82,87,79,65,,,High,Medium,Left,28,D1 Arkema,Paris SG,"160CM / 5'3""FT",55KG / 121LBS,France,89,92,87,61,82,55,65,67,59,53,82,73,89,67,86,78,80,87,90,85,82,87,86,79,82,61,78,84,79,65,72,86,50,72,,,,,,87,https://media.contentapi.ea.com/content/dam/ea/easfc/fc-24/ratings/common/full/player-shields/en/233662.png.adapt.265w.png,https://images.ctfassets.net/rs6bgs1g8dbr/5Il39kdF0vuuJ1Gc18R7Ww/b982b6f565d2d59fe0dc61e5ca620092/f_18.png,https://images.ctfassets.net/rs6bgs1g8dbr/4r9goBnTm93zsfgczNg8tb/73db81a08853283600ce3a2fd8468b41/116034.png
Sadio Mané,CF,86,85,83,79,87,44,74,,,Medium,Medium,Right,32,ROSHN Saudi League,Al Nassr,"174CM / 5'9""FT",69KG / 152LBS,Senegal,85,84,85,83,85,85,85,78,75,75,79,83,78,64,83,71,77,87,87,88,88,86,84,44,35,79,42,42,38,74,85,79,70,75,,,,,,87,https://media.contentapi.ea.com/content/dam/ea/easfc/fc-24/ratings/common/full/player-shields/en/208722.png.adapt.265w.png,https://images.ctfassets.net/rs6bgs1g8dbr/5B0z6tiJgq5DMYfouICdbA/c4105a8c37117e3261ed998769f43c0d/f_136.png,https://images.ctfassets.net/rs6bgs1g8dbr/6pdPIXvFbvouaHUFBuw4dR/78a10831c91e580f42f78105f49c0e19/112139.png
Toni Kroos,CM,86,51,80,90,81,70,71,,,Medium,Medium,Right,34,LALIGA EA SPORTS,Real Madrid,"183CM / 6'0""FT",76KG / 168LBS,Germany,51,55,48,80,74,76,89,85,82,73,90,89,88,84,92,92,86,81,63,71,88,88,88,70,80,58,71,70,60,71,61,75,72,68,,,,,,80,https://media.contentapi.ea.com/content/dam/ea/easfc/fc-24/ratings/common/full/player-shields/en/182521.png.adapt.265w.png,https://images.ctfassets.net/rs6bgs1g8dbr/1A8XMv08PSnZMzpSS5oNIF/47eae37fd5132755d6e36382e6122b1c/f_21.png,https://images.ctfassets.net/rs6bgs1g8dbr/7ji8sU96bLJDrvUG9LhZfs/79c637e0af422fec5e4d76c513fbd0dd/243.png
Lindsey Horan,CM,86,78,84,86,84,63,78,,,High,Medium,Right,30,D1 Arkema,OL,"175CM / 5'9""FT",67KG / 148LBS,United,78,79,77,84,87,83,89,86,78,70,86,88,79,87,90,90,68,84,79,62,86,87,81,63,69,89,59,60,49,78,92,83,81,63,,,,,,85,https://media.contentapi.ea.com/content/dam/ea/easfc/fc-24/ratings/common/full/player-shields/en/231432.png.adapt.265w.png,https://images.ctfassets.net/rs6bgs1g8dbr/5cf40Cv4RRYt6T3ArGJOR1/aec9f45e482b9e325eab179be6a66963/f_95.png,https://images.ctfassets.net/rs6bgs1g8dbr/3lUk0pUWpePXBbx97C0Nzc/c372df8c6e08ebe971dfa3dc63814c99/116033.png
Éder Militão,CB,86,85,50,69,71,86,82,,,Medium,High,Right,26,LALIGA EA SPORTS,Real Madrid,"186CM / 6'1""FT",78KG / 172LBS,Brazil,85,82,88,50,64,48,62,42,34,60,69,59,69,40,78,76,60,71,70,62,85,72,74,86,86,87,86,87,85,82,92,85,79,84,,,,,,70,https://media.contentapi.ea.com/content/dam/ea/easfc/fc-24/ratings/common/full/player-shields/en/240130.png.adapt.265w.png,https://images.ctfassets.net/rs6bgs1g8dbr/3Rwp4RzPbtNP3FHh21UXAG/1d1cf1b849dfaeb232744c8c725d93b6/f_54.png,https://images.ctfassets.net/rs6bgs1g8dbr/7ji8sU96bLJDrvUG9LhZfs/79c637e0af422fec5e4d76c513fbd0dd/243.png
Christopher Nkunku,CF,86,82,81,83,88,62,67,,,Medium,Medium,Right,26,Premier League,Chelsea,"175CM / 5'9""FT",73KG / 161LBS,France,82,81,82,81,86,86,79,78,70,67,83,84,81,80,85,80,82,88,88,90,85,88,81,62,64,61,62,64,54,67,74,78,64,59,,,,,,89,https://media.contentapi.ea.com/content/dam/ea/easfc/fc-24/ratings/common/full/player-shields/en/232411.png.adapt.265w.png,https://images.ctfassets.net/rs6bgs1g8dbr/5Il39kdF0vuuJ1Gc18R7Ww/b982b6f565d2d59fe0dc61e5ca620092/f_18.png,https://images.ctfassets.net/rs6bgs1g8dbr/35O3tttUOKlhM7jTGWLbIo/3bb0b1101ca12fb75b5abe817ed269f0/5.png
N'Golo Kanté,CDM,86,69,65,73,80,85,77,,,Medium,High,Right,33,ROSHN Saudi League,Al Ittihad,"168CM / 5'6""FT",70KG / 154LBS,France,69,74,64,65,72,64,71,65,56,54,73,77,68,49,80,74,49,80,78,92,89,81,84,85,88,54,88,90,85,77,70,84,70,89,,,,,,78,https://media.contentapi.ea.com/content/dam/ea/easfc/fc-24/ratings/common/full/player-shields/en/215914.png.adapt.265w.png,https://images.ctfassets.net/rs6bgs1g8dbr/5Il39kdF0vuuJ1Gc18R7Ww/b982b6f565d2d59fe0dc61e5ca620092/f_18.png,https://images.ctfassets.net/rs6bgs1g8dbr/32brl7qEWjOx60OUCK8XQl/35a4a59a1b0839d0aa4bdafa86a0a334/607.png
Kim Little,CM,86,76,78,83,88,62,66,,,High,Medium,Right,34,Barclays WSL,Arsenal,"162CM / 5'4""FT",57KG / 126LBS,Scotland,76,79,74,78,89,74,85,74,82,78,83,86,78,65,89,80,77,88,85,88,89,91,84,62,74,56,38,75,74,66,67,92,53,65,,,,,,88,https://media.contentapi.ea.com/content/dam/ea/easfc/fc-24/ratings/common/full/player-shields/en/245872.png.adapt.265w.png,https://images.ctfassets.net/rs6bgs1g8dbr/7eFwNyL2kYdVCHj8wqEySc/26c7e6057100962e21ec2866af986f20/f_42.png,https://images.ctfassets.net/rs6bgs1g8dbr/2nVvSUeSYjRpb3yreQesys/ad1971121cb8ce17023425f79e42b0b9/116009.png
Lea Schüller,ST,86,86,83,70,81,33,73,,,Medium,Low,Right,26,GPFBL,FC Bayern München,"173CM / 5'8""FT",60KG / 132LBS,Germany,86,85,86,83,91,92,78,72,73,74,70,68,66,65,77,61,78,81,77,77,87,86,74,33,31,87,24,26,27,73,91,81,75,55,,,,,,80,https://media.contentapi.ea.com/content/dam/ea/easfc/fc-24/ratings/common/full/player-shields/en/244302.png.adapt.265w.png,https://images.ctfassets.net/rs6bgs1g8dbr/1A8XMv08PSnZMzpSS5oNIF/47eae37fd5132755d6e36382e6122b1c/f_21.png,https://images.ctfassets.net/rs6bgs1g8dbr/3ujYoAxLD1NXbkS5aAun26/7381ac721e2c34bfb5d41112c86fb357/115995.png
João Cancelo,LB,86,81,73,85,84,80,72,,,High,Low,Right,30,LALIGA EA SPORTS,FC Barcelona,"182CM / 6'0""FT",74KG / 163LBS,Portugal,81,86,77,73,81,69,80,79,62,52,85,85,87,69,87,79,87,84,79,78,84,86,85,80,81,72,79,83,79,72,80,88,62,76,,,,,,85,https://media.contentapi.ea.com/content/dam/ea/easfc/fc-24/ratings/common/full/player-shields/en/210514.png.adapt.265w.png,https://images.ctfassets.net/rs6bgs1g8dbr/2lrwEhKVgf1yqaNPErE17U/827ef25bd1820ad5c65b278a021e9d86/f_38.png,https://images.ctfassets.net/rs6bgs1g8dbr/4OJIzFZkwqt9zviE8fTl6A/e20b4e9d5e3737b4cfcee2d7e9d03ce4/241.png
Cristiano Ronaldo,ST,86,77,88,75,80,34,74,,,High,Low,Right,39,ROSHN Saudi League,Al Nassr,"187CM / 6'2""FT",85KG / 187LBS,Portugal,77,73,80,88,90,87,92,85,83,90,75,76,76,75,76,70,79,80,76,61,87,86,92,34,29,87,24,32,24,74,93,77,76,62,,,,,,77,https://media.contentapi.ea.com/content/dam/ea/easfc/fc-24/ratings/common/full/player-shields/en/20801.png.adapt.265w.png,https://images.ctfassets.net/rs6bgs1g8dbr/2lrwEhKVgf1yqaNPErE17U/827ef25bd1820ad5c65b278a021e9d86/f_38.png,https://images.ctfassets.net/rs6bgs1g8dbr/6pdPIXvFbvouaHUFBuw4dR/78a10831c91e580f42f78105f49c0e19/112139.png
Trent Alexander-Arnold,RB,86,76,69,90,79,80,73,,,High,Medium,Right,25,Premier League,Liverpool,"180CM / 5'11""FT",69KG / 152LBS,England,76,73,79,69,78,62,82,75,63,55,90,90,93,85,88,91,87,79,72,72,84,84,82,80,83,69,79,83,78,73,74,89,66,69,,,,,,78,https://media.contentapi.ea.com/content/dam/ea/easfc/fc-24/ratings/common/full/player-shields/en/231281.png.adapt.265w.png,https://images.ctfassets.net/rs6bgs1g8dbr/4BVs0BAE16wJ4ihZS72xv8/5f2bab28b731170d875d4b0dd66b3664/f_14.png,https://images.ctfassets.net/rs6bgs1g8dbr/6jp8xRcgC9d1x3W9m5x8Nx/28a273037c4b593de110e3895be7509f/9.png
Ashley Lawrence,RB,86,86,67,82,80,82,78,,,High,Medium,Right,29,Barclays WSL,Chelsea,"164CM / 5'5""FT",60KG / 132LBS,Canada,86,86,86,67,73,58,79,76,66,67,82,82,85,70,84,81,78,80,86,87,86,78,83,82,80,73,84,86,81,78,84,86,72,80,,,,,,78,https://media.contentapi.ea.com/content/dam/ea/easfc/fc-24/ratings/common/full/player-shields/en/227392.png.adapt.265w.png,https://images.ctfassets.net/rs6bgs1g8dbr/47dRsBymvMr3YATwWSnlhV/672e421a8434492fca2ee84bd02f570e/f_70.png,https://images.ctfassets.net/rs6bgs1g8dbr/33PmLzL1EV1lVW7EPva6nB/9c5112bff89449a56c458e438ada0ff7/116010.png
Mallory Swanson,LW,86,93,82,82,84,42,71,,,High,Medium,Right,26,NWSL,Chicago Red Stars,"163CM / 5'4""FT",54KG / 119LBS,United,93,92,93,82,88,83,81,80,70,81,82,84,81,71,86,79,77,84,82,88,86,86,78,42,43,68,36,41,39,71,79,89,62,70,,,,,,84,https://media.contentapi.ea.com/content/dam/ea/easfc/fc-24/ratings/common/full/player-shields/en/232073.png.adapt.265w.png,https://images.ctfassets.net/rs6bgs1g8dbr/5cf40Cv4RRYt6T3ArGJOR1/aec9f45e482b9e325eab179be6a66963/f_95.png,https://images.ctfassets.net/rs6bgs1g8dbr/8sxJzvd5sAZ3WOpHFJQb5/c65490e3214dc3b8ff6e52ad5154e75c/116305.png
Wojciech Szczęsny,GK,86,86,83,73,87,49,86,,,Medium,Medium,Right,34,Serie A TIM,Juventus,"195CM / 6'5""FT",90KG / 198LBS,Poland,86,51,47,83,86,12,55,14,14,18,73,48,12,14,32,36,16,87,55,51,82,22,65,49,15,16,20,13,12,86,70,45,65,,86,83,73,86,87,11,https://media.contentapi.ea.com/content/dam/ea/easfc/fc-24/ratings/common/full/player-shields/en/186153.png.adapt.265w.png,https://images.ctfassets.net/rs6bgs1g8dbr/KLzBJsJ0eQPZm4hVsZFgc/1a1b9891525684b366053c13c6c87487/f_37.png,https://images.ctfassets.net/rs6bgs1g8dbr/3jjwlP6IBW69e2mRSjbfI4/9d964a7bf2960d6b91099da7b9608a25/45.png
Cristiana Girelli,ST,86,81,85,71,81,46,78,,,High,Medium,Right,34,Calcio A Femminile,Juventus,"174CM / 5'9""FT",64KG / 141LBS,Italy,81,82,80,85,91,92,79,76,79,87,71,79,59,78,78,56,77,81,70,71,88,85,81,46,45,88,39,43,40,78,92,71,80,79,,,,,,80,https://media.contentapi.ea.com/content/dam/ea/easfc/fc-24/ratings/common/full/player-shields/en/227073.png.adapt.265w.png,https://images.ctfassets.net/rs6bgs1g8dbr/EHrJWMzTNIVkWKssiD4Oc/366d836ba975be3d6abf7d3ffdebbb3f/f_27.png,https://images.ctfassets.net/rs6bgs1g8dbr/6xyJCtVgDj0EneuCMnVtYp/1cf9ccc83ce61bb49b3619cc2b5d2ff6/116280.png
Jack Grealish,LW,85,76,76,84,88,53,73,,,High,High,Right,28,Premier League,Manchester City,"180CM / 5'11""FT",81KG / 179LBS,England,76,79,74,76,82,76,76,79,72,58,84,87,83,74,85,81,83,88,84,85,84,90,88,53,49,48,58,54,48,73,71,83,71,65,,,,,,89,https://media.contentapi.ea.com/content/dam/ea/easfc/fc-24/ratings/common/full/player-shields/en/206517.png.adapt.265w.png,https://images.ctfassets.net/rs6bgs1g8dbr/4BVs0BAE16wJ4ihZS72xv8/5f2bab28b731170d875d4b0dd66b3664/f_14.png,https://images.ctfassets.net/rs6bgs1g8dbr/hn2H64k3KVpJ3Wqpyleus/2d33f6e09f42515c20dd2a70600a3c26/10.png
